{"cameraMode":{"drawMode":0,"name":"Shaded","section":"Shading Mode"},"sceneLighting":true,"audioPlay":false,"sceneViewState":{"m_AlwaysRefresh":false,"showFog":true,"showSkybox":true,"showFlares":true,"showImageEffects":true,"showParticleSystems":true,"showVisualEffectGraphs":true,"m_FxEnabled":true},"in2DMode":false,"pivot":{"x":-0.34414470195770266,"y":3.403348922729492,"z":0.24433979392051698},"rotation":{"x":-0.14254462718963624,"y":0.801243245601654,"z":-0.21092720329761506,"w":-0.5414806008338928},"size":1.0338014364242554,"orthographic":false}